Species,Sample,Tissue,Tissue.Name,Sample.Name,Sample.ID,total_reads,pct_unique,pct_multimapped,pct_unmapped,exclusion_status
abutiloides,Sabu2,apices,apices_1,Sabu2_apices_2_S11,Sabu2-2_S11,46869976,86.451,2.5499,10.9991,no
abutiloides,Sabu2,apices,apices_2,Sabu2_apices_3_S17,Sabu2-3_S17,42814613,83.9052,2.3203,13.7745,no
aethiopicum,Saet3,apices,apices_1,Saet3_apices_1_S1,Saet3-1_S1,31885899,86.6553,3.1616,10.1831,no
aethiopicum,Saet3,apices,apices_2,Saet3_apices_2_S2,Saet3-2_S2,31235923,86.6993,3.2294,10.0714,no
aethiopicum,Saet3,apices,apices_3,Saet3_apices_3_S3,Saet3-3_S3,31476966,86.9088,3.1645,9.9267,no
aethiopicum,Saet3,apices,apices_4,Saet3_apices_4_S4,Saet3-4_S4,32822644,86.0517,3.0817,10.8666,no
aethiopicum,Saet3,apices,apices_5,Saet3_apices_5_S5,Saet3-5_S5,32367734,87.3229,3.1657,9.5114,no
aethiopicum,Saet3,apices,apices_6,Saet3_apices_6_S6,Saet3-6_S6,31619705,88.0863,3.2824,8.6314,no
aethiopicum,Saet3,coty,coty_1,Saet_coty_1_S1,Saet-1_S1,14892027,83.5215,7.244,9.2345,no
aethiopicum,Saet3,coty,coty_2,Saet_coty_2_S2,Saet-2_S2,11070506,82.5682,8.044,9.3878,no
aethiopicum,Saet3,coty,coty_3,Saet_coty_3_S3,Saet-3_S3,14040642,83.1651,7.6279,9.2071,no
aethiopicum,Saet3,coty,coty_4,Saet_coty_4_S4,Saet-4_S4,16278956,83.5724,7.3252,9.1023,no
aethiopicum,Saet3,In,In_1,Saet_flow_1_S3,Saet-1_S3,10512242,84.8172,4.1668,11.016,no
aethiopicum,Saet3,In,In_2,Saet_flow_2_S4,Saet-2_S4,10227822,84.669,4.1646,11.1664,no
aethiopicum,Saet3,In,In_3,Saet_flow_3_S5,Saet-3_S5,17022897,84.2901,4.3317,11.3782,no
aethiopicum,Saet3,In,In_4,Saet_flow_4_S6,Saet-4_S6,10073253,84.9355,4.186,10.8785,no
aethiopicum,Saet3,hypo,hypo_1,Saet_hypo_1_S53,Saet-1_S53,11235831,87.1895,3.1487,9.6618,no
aethiopicum,Saet3,hypo,hypo_2,Saet_hypo_2_S54,Saet-2_S54,13996607,89.6211,2.9723,7.4066,no
aethiopicum,Saet3,hypo,hypo_3,Saet_hypo_3_S55,Saet-3_S55,13168635,87.4393,2.9868,9.5739,no
aethiopicum,Saet3,hypo,hypo_4,Saet_hypo_4_S56,Saet-4_S56,13959450,90.4187,2.9819,6.5994,no
aethiopicum,Saet3,leaves,leaves_1,Saet_leaves_1_S56,Saet-1_S56,13598450,85.955,6.2553,7.7898,no
aethiopicum,Saet3,leaves,leaves_2,Saet_leaves_2_S57,Saet-2_S57,14482901,87.3816,6.0679,6.5505,no
aethiopicum,Saet3,leaves,leaves_3,Saet_leaves_3_S58,Saet-3_S58,9607669,86.3907,5.8479,7.7615,no
americanum,Same3,RNA,apices_1,SP2273_RNA_pool_apices_,SP2273_RNA_pool,100757079,87.422,5.3897,7.1883,no
americanum,Same3,S194,apices_2,MgCl2_S194_L003_apices_,MgCl2_S194_L003,32335920,86.3835,6.1898,7.4267,no
americanum,Same3,S195,apices_3,EV_S195_L003_apices_,EV_S195_L003,34809470,87.8052,5.4561,6.7388,no
americanum,Same3,S196,apices_4,AvrRps4_S196_L003_apices_,AvrRps4_S196_L003,33611689,88.0243,4.5513,7.4244,no
americanum,Same3,apices,apices_5,Same3_apices_1_S13,Same3-1_S13,42448269,72.7831,5.8673,21.3496,no
americanum,Same3,apices,apices_6,Same3_apices_2_S14,Same3-2_S14,46517279,76.267,5.528,18.205,no
americanum,Same3,apices,apices_7,Same3_apices_3_S18,Same3-3_S18,35637821,77.2032,5.4546,17.3422,no
americanum,Same3,coty,coty_1,Same_coty_1_S5,Same-1_S5,14747245,82.9484,7.9236,9.128,no
americanum,Same3,coty,coty_2,Same_coty_2_S6,Same-2_S6,14621575,82.7043,7.5085,9.7872,no
americanum,Same3,coty,coty_3,Same_coty_3_S7,Same-3_S7,13573865,82.9411,7.6464,9.4124,no
americanum,Same3,coty,coty_4,Same_coty_4_S8,Same-4_S8,15057265,82.3984,7.5238,10.0777,no
americanum,Same3,hypo,hypo_1,Same_hypo_1_S57,Same-1_S57,13544826,75.7054,4.2913,20.0033,no
americanum,Same3,hypo,hypo_2,Same_hypo_2_S58,Same-2_S58,14919198,74.7532,4.8719,20.375,no
americanum,Same3,hypo,hypo_3,Same_hypo_3_S59,Same-3_S59,12532881,81.5417,4.8744,13.5838,no
americanum,Same3,hypo,hypo_4,Same_hypo_4_S60,Same-4_S60,14260787,84.3369,5.1865,10.4766,no
anguivi,Sang8,coty,coty_1,Sang_coty_1_S49,Sang-1_S49,15209048,86.2745,6.9288,6.7967,no
anguivi,Sang8,coty,coty_2,Sang_coty_2_S50,Sang-2_S50,14176166,86.7865,6.6869,6.5266,no
anguivi,Sang8,coty,coty_3,Sang_coty_3_S51,Sang-3_S51,16466766,88.3943,6.2118,5.394,no
anguivi,Sang8,coty,coty_4,Sang_coty_4_S52,Sang-4_S52,12416427,86.9292,6.2497,6.8211,no
anguivi,Sang8,In,In_1,Sang_flow_1_S52,Sang-1_S52,9989632,54.9264,5.0333,40.0403,no
anguivi,Sang8,In,In_2,Sang_flow_2_S53,Sang-2_S53,13394543,74.6527,4.4999,20.8473,no
anguivi,Sang8,In,In_3,Sang_flow_3_S54,Sang-3_S54,10072732,71.0549,5.0119,23.9332,no
anguivi,Sang8,In,In_4,Sang_flow_4_S55,Sang-4_S55,13528377,66.6539,4.2916,29.0545,no
anguivi,Sang8,hypo,hypo_1,Sang_hypo_1_S95,Sang-1_S95,14302602,88.6771,3.3391,7.9838,no
anguivi,Sang8,hypo,hypo_2,Sang_hypo_2_S96,Sang-2_S96,13605734,89.5725,3.2671,7.1605,no
anguivi,Sang8,leaves,leaves_1,Sang_leaves_1_S71,Sang-1_S71,12762672,83.5026,7.9219,8.5755,no
anguivi,Sang8,leaves,leaves_2,Sang_leaves_2_S72,Sang-2_S72,7263904,76.0665,8.9497,14.9837,no
anguivi,Sang8,leaves,leaves_3,Sang_leaves_3_S73,Sang-3_S73,8878274,82.1504,8.1084,9.7412,no
candidum,Scan1,apices,apices_1,Scan1_apices_1_S2,Scan1-1_S2,43718616,87.0186,1.8842,11.0972,no
candidum,Scan1,coty,coty_1,Scan_coty_1_S25,Scan-1_S25,14921211,68.2164,7.4197,24.3639,no
candidum,Scan1,coty,coty_2,Scan_coty_2_S26,Scan-2_S26,14986768,79.5367,9.4396,11.0237,no
candidum,Scan1,coty,coty_3,Scan_coty_3_S27,Scan-3_S27,15466464,80.3375,9.629,10.0335,no
candidum,Scan1,coty,coty_4,Scan_coty_4_S28,Scan-4_S28,17083631,82.0986,9.4981,8.4034,no
candidum,Scan1,In,In_1,Scan_flow_1_S29,Scan-1_S29,17420931,88.4397,2.2656,9.2947,no
candidum,Scan1,In,In_2,Scan_flow_2_S30,Scan-2_S30,17521689,85.2263,2.433,12.3407,no
candidum,Scan1,In,In_3,Scan_flow_3_S31,Scan-3_S31,15171663,87.8456,2.0947,10.0596,no
candidum,Scan1,In,In_4,Scan_flow_4_S32,Scan-4_S32,13461133,87.9832,2.216,9.8009,no
candidum,Scan1,hypo,hypo_1,Scan_hypo_1_S73,Scan-1_S73,12534537,89.492,1.842,8.666,no
candidum,Scan1,hypo,hypo_2,Scan_hypo_2_S74,Scan-2_S74,12169457,89.0215,1.9392,9.0393,no
candidum,Scan1,hypo,hypo_3,Scan_hypo_3_S75,Scan-3_S75,15205831,88.5038,1.9793,9.5169,no
candidum,Scan1,hypo,hypo_4,Scan_hypo_4_S76,Scan-4_S76,11742536,87.158,1.8068,11.0352,no
candidum,Scan1,leaves,leaves_1,Scan_leaves_1_S68,Scan-1_S68,9770960,87.101,6.0614,6.8376,no
candidum,Scan1,leaves,leaves_2,Scan_leaves_2_S69,Scan-2_S69,14464324,86.754,6.0995,7.1465,no
candidum,Scan1,leaves,leaves_3,Scan_leaves_3_S70,Scan-3_S70,14954228,85.3695,6.3243,8.3062,no
citrullifolium,Scit1,apices,apices_1,Scit1_1_S1_apices_,Scit1_1_S1,115887319,92.8155,2.0454,5.1391,no
citrullifolium,Scit1,apices,apices_2,Scit1_2_S2_apices_,Scit1_2_S2,120168864,92.853,1.9522,5.1948,no
citrullifolium,Scit1,apices,apices_3,Scit1_3_S3_apices_,Scit1_3_S3,136644532,93.5489,1.9011,4.55,no
citrullifolium,Scit1,apices,apices_4,Scit1_apices_1_S4,Scit1-1_S4,48623168,85.5542,3.348,11.0978,no
citrullifolium,Scit1,apices,apices_5,Scit1_apices_3_S26,Scit1-3_S26,48982899,86.2753,2.7491,10.9756,no
citrullifolium,Scit1,coty,coty_1,Scit_coty_1_S37,Scit-1_S37,16093445,84.3549,6.8192,8.8259,no
citrullifolium,Scit1,coty,coty_2,Scit_coty_2_S38,Scit-2_S38,16388721,85.74,6.9819,7.2782,no
citrullifolium,Scit1,coty,coty_3,Scit_coty_3_S39,Scit-3_S39,13333272,85.2484,7.0038,7.7478,no
citrullifolium,Scit1,coty,coty_4,Scit_coty_4_S40,Scit-4_S40,13375370,86.4141,6.5,7.0859,no
citrullifolium,Scit1,In,In_1,Scit_flow_1_S41,Scit-1_S41,19770755,87.5124,2.835,9.6526,no
citrullifolium,Scit1,In,In_2,Scit_flow_2_S42,Scit-2_S42,16721237,89.4212,2.6226,7.9561,no
citrullifolium,Scit1,In,In_3,Scit_flow_3_S43,Scit-3_S43,10597161,90.1659,2.4549,7.3792,no
citrullifolium,Scit1,In,In_4,Scit_flow_4_S44,Scit-4_S44,18214239,88.9607,2.2669,8.7724,no
citrullifolium,Scit1,hypo,hypo_1,Scit_hypo_1_S85,Scit-1_S85,12074163,91.2922,2.7036,6.0042,no
citrullifolium,Scit1,hypo,hypo_2,Scit_hypo_2_S86,Scit-2_S86,14538325,90.888,2.3815,6.7304,no
citrullifolium,Scit1,hypo,hypo_3,Scit_hypo_3_S87,Scit-3_S87,12002669,87.3976,2.6588,9.9436,no
citrullifolium,Scit1,hypo,hypo_4,Scit_hypo_4_S88,Scit-4_S88,11866290,86.7943,2.7498,10.4558,no
cleistogamum,Scle2,apices,apices_1,Scle2_apices_3_S20,Scle2-3_S20,37595207,88.6494,2.0661,9.2845,no
cleistogamum,Scle2,coty,coty_1,Scle_coty_1_S9,Scle-1_S9,20369092,85.9833,5.7024,8.3143,no
cleistogamum,Scle2,coty,coty_2,Scle_coty_2_S10,Scle-2_S10,14615955,86.1004,5.5454,8.3542,no
cleistogamum,Scle2,coty,coty_3,Scle_coty_3_S11,Scle-3_S11,13404449,87.5301,4.8784,7.5914,no
cleistogamum,Scle2,coty,coty_4,Scle_coty_4_S12,Scle-4_S12,15162813,87.6202,4.8805,7.4993,no
cleistogamum,Scle2,In,In_1,Scle_flow_1_S11,Scle-1_S11,10907374,86.658,2.6517,10.6902,no
cleistogamum,Scle2,In,In_2,Scle_flow_2_S12,Scle-2_S12,18987227,84.9045,2.8275,12.268,no
cleistogamum,Scle2,In,In_3,Scle_flow_3_S13,Scle-3_S13,17171970,85.1652,2.7272,12.1076,no
cleistogamum,Scle2,In,In_4,Scle_flow_4_S14,Scle-4_S14,16691340,86.7736,2.6489,10.5776,no
cleistogamum,Scle2,leaves,leaves_1,Scle_leaves_1_S59,Scle-1_S59,16906847,87.8593,5.1452,6.9955,no
cleistogamum,Scle2,leaves,leaves_2,Scle_leaves_2_S60,Scle-2_S60,13830019,87.4102,5.5751,7.0146,no
cleistogamum,Scle2,leaves,leaves_3,Scle_leaves_3_S61,Scle-3_S61,16909694,85.9334,4.9401,9.1265,no
etuberosum,Setu1,apices,apices_1,Setu1_1_S7_apices,Setu1_1_S7,121840592,92.3711,2.3509,5.278,no
etuberosum,Setu1,apices,apices_2,Setu1_2_S8_apices,Setu1_2_S8,126647055,92.2429,2.4078,5.3493,no
etuberosum,Setu1,apices,apices_3,Setu1_3_S9_apices,Setu1_3_S9,121156974,90.1918,2.5969,7.2113,no
etuberosum,Setu1,In,In_1,Setu_flow_1_S15,Setu-1_S15,18481917,87.72,2.7032,9.5767,no
etuberosum,Setu1,In,In_2,Setu_flow_2_S16,Setu-2_S16,21076694,86.4453,2.8286,10.7261,no
etuberosum,Setu1,In,In_3,Setu_flow_3_S17,Setu-3_S17,16355094,87.0555,2.6342,10.3103,no
etuberosum,Setu1,In,In_4,Setu_flow_4_S18,Setu-4_S18,9420957,85.8115,2.5697,11.6188,no
giganteum,Sgig1,apices,apices_1,Sgig1_apices_1_S10,Sgig1-1_S10,26964164,8.6126,3.3442,88.0432,yes
giganteum,Sgig1,apices,apices_2,Sgig1_apices_2_S11,Sgig1-2_S11,30258644,3.5592,2.126,94.3148,yes
giganteum,Sgig1,apices,apices_3,Sgig1_apices_3_S12,Sgig1-3_S12,32213051,3.3975,1.5076,95.0949,yes
havanense,Shav1,apices,apices_1,Shav1_apices_1_S13,Shav1-1_S13,39510617,77.4462,2.6335,19.9202,no
havanense,Shav1,apices,apices_2,Shav1_apices_2_S14,Shav1-2_S14,32551348,75.5254,2.3962,22.0784,no
havanense,Shav1,apices,apices_3,Shav1_apices_3_S15,Shav1-3_S15,32858323,83.8597,2.1419,13.9984,no
insanum,Sins1,apices,apices_1,Sins1_1_S4_apices_,Sins1_1_S4,124630226,91.4315,2.9015,5.6671,no
insanum,Sins1,apices,apices_2,Sins1_2_S5_apices_,Sins1_2_S5,128745005,92.1722,2.8648,4.963,no
insanum,Sins1,apices,apices_3,Sins1_3_S6_apices_,Sins1_3_S6,134684010,90.976,2.762,6.2619,no
insanum,Sins1,coty,coty_1,Sins_coty_1_S45,Sins-1_S45,13542735,85.6504,8.4267,5.9229,no
insanum,Sins1,coty,coty_2,Sins_coty_2_S46,Sins-2_S46,13385648,85.4902,8.1727,6.3371,no
insanum,Sins1,coty,coty_3,Sins_coty_3_S47,Sins-3_S47,15658744,83.2649,9.1355,7.5996,no
insanum,Sins1,coty,coty_4,Sins_coty_4_S48,Sins-4_S48,14499442,84.5962,8.1461,7.2577,no
insanum,Sins1,In,In_1,Sins_flow_1_S49,Sins-1_S49,13867098,79.8575,4.5788,15.5636,no
insanum,Sins1,In,In_2,Sins_flow_2_S50,Sins-2_S50,16435525,84.3019,4.297,11.4011,no
insanum,Sins1,In,In_3,Sins_flow_3_S51,Sins-3_S51,17299968,89.049,3.431,7.5199,no
insanum,Sins1,hypo,hypo_1,Sins_hypo_1_S92,Sins-1_S92,11497555,89.5117,2.6359,7.8524,no
insanum,Sins1,hypo,hypo_2,Sins_hypo_2_S93,Sins-2_S93,11582008,86.0066,2.6127,11.3808,no
insanum,Sins1,hypo,hypo_3,Sins_hypo_3_S94,Sins-3_S94,13696649,85.6008,2.4936,11.9056,no
linearifolium,Slin1,apices,apices_1,Slin1_apices_3_S21,Slin1-3_S21,50838650,87.0902,4.1755,8.7343,no
macrocarpon,Smac3,apices,apices_1,Smac3_apices_2_S15,Smac3-2_S15,43576977,83.4216,3.4445,13.1339,no
macrocarpon,Smac3,coty,coty_1,Smac_coty_1_S13,Smac-1_S13,14107072,83.8029,8.812,7.3851,no
macrocarpon,Smac3,coty,coty_2,Smac_coty_2_S14,Smac-2_S14,15345225,82.4516,9.2937,8.2547,no
macrocarpon,Smac3,coty,coty_3,Smac_coty_3_S15,Smac-3_S15,14107771,83.3462,9.2181,7.4356,no
macrocarpon,Smac3,coty,coty_4,Smac_coty_4_S16,Smac-4_S16,13106808,82.4458,9.5098,8.0445,no
macrocarpon,Smac3,In,In_1,Smac_flow_1_S19,Smac-1_S19,9439516,80.5817,4.1802,15.2381,no
macrocarpon,Smac3,In,In_2,Smac_flow_2_S20,Smac-2_S20,9955085,86.5791,3.8664,9.5545,no
macrocarpon,Smac3,In,In_3,Smac_flow_3_S21,Smac-3_S21,14949221,88.2064,3.5504,8.2433,no
macrocarpon,Smac3,hypo,hypo_1,Smac_hypo_1_S61,Smac-1_S61,13400635,87.7815,3.3383,8.8802,no
macrocarpon,Smac3,hypo,hypo_2,Smac_hypo_2_S62,Smac-2_S62,13243419,89.7664,3.4757,6.7578,no
macrocarpon,Smac3,hypo,hypo_3,Smac_hypo_3_S63,Smac-3_S63,10833723,88.3104,3.2038,8.4858,no
macrocarpon,Smac3,hypo,hypo_4,Smac_hypo_4_S64,Smac-4_S64,12756058,85.6515,3.0521,11.2964,no
macrocarpon,Smac3,leaves,leaves_1,Smac_leaves_1_S62,Smac-1_S62,18388723,84.9525,6.9927,8.0548,no
macrocarpon,Smac3,leaves,leaves_2,Smac_leaves_2_S63,Smac-2_S63,11523045,84.844,7.1665,7.9896,no
macrocarpon,Smac3,leaves,leaves_3,Smac_leaves_3_S64,Smac-3_S64,14309211,85.4298,6.6211,7.9491,no
mammosum,Smam1,apices,apices_1,Smam1_apices_1_S38,Smam1-1_S38,26725222,71.8091,6.2927,21.8982,no
mammosum,Smam1,apices,apices_2,Smam1_apices_3_S39,Smam1-3_S39,33756334,86.9121,2.8644,10.2235,no
mammosum,Smam1,coty,coty_1,Smam_coty_1_S29,Smam-1_S29,15577084,86.6751,6.3677,6.9572,no
mammosum,Smam1,coty,coty_2,Smam_coty_2_S30,Smam-2_S30,15928046,87.1501,6.1241,6.7258,no
mammosum,Smam1,coty,coty_3,Smam_coty_3_S31,Smam-3_S31,17280221,86.416,6.4545,7.1295,no
mammosum,Smam1,coty,coty_4,Smam_coty_4_S32,Smam-4_S32,13798372,86.5686,6.3261,7.1053,no
mammosum,Smam1,In,In_1,Smam_flow_1_S33,Smam-1_S33,16093662,88.6075,2.606,8.7865,no
mammosum,Smam1,In,In_2,Smam_flow_2_S34,Smam-2_S34,9981779,86.8461,2.6969,10.457,no
mammosum,Smam1,In,In_3,Smam_flow_3_S35,Smam-3_S35,12487865,85.2948,3.0676,11.6376,no
mammosum,Smam1,In,In_4,Smam_flow_4_S36,Smam-4_S36,16307619,88.2849,2.794,8.9212,no
mammosum,Smam1,hypo,hypo_1,Smam_hypo_1_S77,Smam-1_S77,12400699,91.0204,2.5084,6.4712,no
mammosum,Smam1,hypo,hypo_2,Smam_hypo_2_S78,Smam-2_S78,15669604,90.6111,2.403,6.9859,no
mammosum,Smam1,hypo,hypo_3,Smam_hypo_3_S79,Smam-3_S79,12879846,86.8123,2.5734,10.6143,no
mammosum,Smam1,hypo,hypo_4,Smam_hypo_4_S80,Smam-4_S80,13654770,91.0001,2.3885,6.6113,no
muricatum,Smur2hap1,apices,apices_1,Smur2_apices_1_S12,Smur2-1_S12,46548319,79.3707,3.9848,16.6445,no
muricatum,Smur2hap1,apices,apices_2,Smur2_apices_3_S22,Smur2-3_S22,47676717,81.0195,4.1365,14.844,no
muricatum,Smur2hap2,apices,apices_1,Smur2_apices_1_S12,Smur2-1_S12,46548319,79.4325,3.9653,16.6023,no
muricatum,Smur2hap2,apices,apices_2,Smur2_apices_3_S22,Smur2-3_S22,47676717,81.6006,3.8597,14.5398,no
prinophyllum,Spri1,apices,apices_1,Spri1_apices_3_S23,Spri1-3_S23,47875007,0.0025,1.2087,98.7888,yes
prinophyllum,Spri1,coty,coty_1,Spri_coty_1_S17,Spri-1_S17,15918681,81.9891,8.7659,9.245,no
prinophyllum,Spri1,coty,coty_2,Spri_coty_2_S18,Spri-2_S18,14274982,85.3248,7.2372,7.438,no
prinophyllum,Spri1,coty,coty_3,Spri_coty_3_S19,Spri-3_S19,13536855,85.9055,7.1853,6.9092,no
prinophyllum,Spri1,coty,coty_4,Spri_coty_4_S20,Spri-4_S20,8985564,64.8683,4.6375,30.4942,no
prinophyllum,Spri1,In,In_1,Spri_flow_1_S22,Spri-1_S22,13095666,82.4239,4.276,13.3001,no
prinophyllum,Spri1,In,In_2,Spri_flow_2_S23,Spri-2_S23,9698170,89.1297,3.6525,7.2178,no
prinophyllum,Spri1,In,In_3,Spri_flow_3_S24,Spri-3_S24,10219595,84.4033,3.8921,11.7046,no
prinophyllum,Spri1,flower,flower_1,Spri_flower_1_S78,Spri-1_S78,8929923,68.4595,4.6062,26.9343,no
prinophyllum,Spri1,flower,flower_2,Spri_flower_2_S79,Spri-2_S79,8597134,69.8863,5.6588,24.4548,no
prinophyllum,Spri1,flower,flower_3,Spri_flower_3_S80,Spri-3_S80,13676950,82.1823,5.5247,12.293,no
prinophyllum,Spri1,flower,flower_4,Spri_flower_4_S81,Spri-4_S81,7981538,71.4132,5.8368,22.7499,no
prinophyllum,Spri1,fruit,fruit_1,Spri_fruit_1_S82,Spri-1_S82,8238149,82.3864,6.9456,10.668,no
prinophyllum,Spri1,fruit,fruit_2,Spri_fruit_2_S83,Spri-2_S83,8155553,78.9663,9.3292,11.7045,no
prinophyllum,Spri1,fruit,fruit_3,Spri_fruit_3_S84,Spri-3_S84,8767817,79.8895,5.8322,14.2783,no
prinophyllum,Spri1,fruit,fruit_4,Spri_fruit_4_S85,Spri-4_S85,8377007,77.4901,8.6975,13.8123,no
prinophyllum,Spri1,hypo,hypo_1,Spri_hypo_1_S65,Spri-1_S65,14639804,85.7828,3.9161,10.3011,no
prinophyllum,Spri1,hypo,hypo_2,Spri_hypo_2_S66,Spri-2_S66,11614597,84.4242,3.9594,11.6165,no
prinophyllum,Spri1,hypo,hypo_3,Spri_hypo_3_S67,Spri-3_S67,9345720,58.3486,2.38,39.2714,no
prinophyllum,Spri1,hypo,hypo_4,Spri_hypo_4_S68,Spri-4_S68,14662341,85.2235,3.9338,10.8427,no
prinophyllum,Spri1,leaves,leaves_1,Spri_leaves_1_S74,Spri-1_S74,7695924,87.8993,4.9622,7.1384,no
prinophyllum,Spri1,leaves,leaves_2,Spri_leaves_2_S75,Spri-2_S75,14783208,88.2467,4.6666,7.0867,no
prinophyllum,Spri1,leaves,leaves_3,Spri_leaves_3_S76,Spri-3_S76,12879082,83.7434,6.8043,9.4523,no
prinophyllum,Spri1,leaves,leaves_4,Spri_leaves_4_S77,Spri-4_S77,9804664,85.7869,5.5887,8.6244,no
prinophyllum,Spri1,pric,pric_1,Spri_pric_1_S86,Spri-1_S86,11517045,86.1453,4.3081,9.5466,no
prinophyllum,Spri1,pric,pric_2,Spri_pric_2_S87,Spri-2_S87,14128920,85.044,4.445,10.5111,no
prinophyllum,Spri1,pric,pric_3,Spri_pric_3_S88,Spri-3_S88,14800478,86.9309,4.2701,8.7989,no
prinophyllum,Spri1,pric,pric_4,Spri_pric_4_S89,Spri-4_S89,8554706,85.4035,4.4084,10.1881,no
prinophyllum,Spri1,root,root_1,Spri_root_1_S90,Spri-1_S90,12509867,86.1637,3.9619,9.8745,no
prinophyllum,Spri1,root,root_2,Spri_root_2_S91,Spri-2_S91,7935955,85.4073,3.7229,10.8699,no
prinophyllum,Spri1,root,root_3,Spri_root_3_S92,Spri-3_S92,9873257,86.2904,3.9696,9.74,no
prinophyllum,Spri1,root,root_4,Spri_root_4_S93,Spri-4_S93,7709887,86.5782,3.8581,9.5637,no
pseudolulo,Spse1,apices,apices_1,Spse1_apices_1_S28,Spse1-1_S28,34341794,87.6748,3.5221,8.8031,no
pseudolulo,Spse1,apices,apices_2,Spse1_apices_2_S29,Spse1-2_S29,32087516,90.357,3.0192,6.6238,no
pseudolulo,Spse1,apices,apices_3,Spse1_apices_3_S30,Spse1-3_S30,32189922,88.0155,3.4903,8.4942,no
quitoense,Squi2,apices,apices_1,Squi2_apices_2_S7,Squi2-2_S7,46622136,89.044,1.7718,9.1842,no
quitoense,Squi2,apices,apices_2,Squi2_apices_3_S24,Squi2-3_S24,40188809,91.3292,1.9121,6.7588,no
quitoense,Squi2,coty,coty_1,Squi_coty_1_S21,Squi-1_S21,13513127,85.7735,5.6283,8.5982,no
quitoense,Squi2,coty,coty_2,Squi_coty_2_S22,Squi-2_S22,15986460,88.056,5.1612,6.7828,no
quitoense,Squi2,coty,coty_3,Squi_coty_3_S23,Squi-3_S23,13643046,86.3671,5.4316,8.2013,no
quitoense,Squi2,coty,coty_4,Squi_coty_4_S24,Squi-4_S24,16851043,86.6424,5.8159,7.5418,no
quitoense,Squi2,In,In_1,Squi_flow_1_S25,Squi-1_S25,19977231,87.7161,2.0921,10.1917,no
quitoense,Squi2,In,In_2,Squi_flow_2_S26,Squi-2_S26,21382277,82.721,2.693,14.586,no
quitoense,Squi2,In,In_3,Squi_flow_3_S27,Squi-3_S27,21988067,86.3182,2.3306,11.3512,no
quitoense,Squi2,In,In_4,Squi_flow_4_S28,Squi-4_S28,10203634,84.6222,2.4602,12.9177,no
quitoense,Squi2,hypo,hypo_1,Squi_hypo_1_S69,Squi-1_S69,14508968,89.0501,2.1071,8.8428,no
quitoense,Squi2,hypo,hypo_2,Squi_hypo_2_S70,Squi-2_S70,12148353,89.2373,2.063,8.6996,no
quitoense,Squi2,hypo,hypo_3,Squi_hypo_3_S71,Squi-3_S71,12086685,87.7091,1.9677,10.3232,no
quitoense,Squi2,hypo,hypo_4,Squi_hypo_4_S72,Squi-4_S72,10242608,91.2781,1.7826,6.9392,no
quitoense,Squi2,leaves,leaves_1,Squi_leaves_1_S65,Squi-1_S65,17597686,88.5381,3.6948,7.7671,no
quitoense,Squi2,leaves,leaves_2,Squi_leaves_2_S66,Squi-2_S66,10690101,87.0506,4.9731,7.9763,no
quitoense,Squi2,leaves,leaves_3,Squi_leaves_3_S67,Squi-3_S67,16326147,88.0721,4.7454,7.1825,no
robustum,Srob1,apices,apices_1,Srob1_apices_1_S31,Srob1-1_S31,33686375,88.4325,2.5945,8.973,no
robustum,Srob1,apices,apices_2,Srob1_apices_2_S32,Srob1-2_S32,25301948,87.8937,2.3015,9.8048,no
robustum,Srob1,apices,apices_3,Srob1_apices_3_S33,Srob1-3_S33,37631024,88.1796,2.7358,9.0846,no
stramoniifolium,Sstr1,apices,apices_1,Sstr1_apices_1_S40,Sstr1-1_S40,29923665,79.9066,4.2989,15.7945,no
stramoniifolium,Sstr1,coty,coty_1,Sstr_coty_1_S41,Sstr-1_S41,15339390,86.5411,4.8614,8.5975,no
stramoniifolium,Sstr1,coty,coty_2,Sstr_coty_2_S42,Sstr-2_S42,12608763,89.3142,4.1791,6.5067,no
stramoniifolium,Sstr1,coty,coty_3,Sstr_coty_3_S43,Sstr-3_S43,14024615,88.3824,4.7877,6.8299,no
stramoniifolium,Sstr1,coty,coty_4,Sstr_coty_4_S44,Sstr-4_S44,14999223,88.2036,4.2716,7.5248,no
stramoniifolium,Sstr1,In,In_1,Sstr_flow_1_S45,Sstr-1_S45,10867423,84.0813,5.0058,10.9129,no
stramoniifolium,Sstr1,In,In_2,Sstr_flow_2_S46,Sstr-2_S46,13912131,84.9499,5.7811,9.2691,no
stramoniifolium,Sstr1,In,In_3,Sstr_flow_3_S47,Sstr-3_S47,22106483,82.5053,5.0536,12.4411,no
stramoniifolium,Sstr1,In,In_4,Sstr_flow_4_S48,Sstr-4_S48,9433725,80.7843,5.3673,13.8484,no
stramoniifolium,Sstr1,hypo,hypo_1,Sstr_hypo_1_S89,Sstr-1_S89,13166065,83.4073,2.6641,13.9286,no
stramoniifolium,Sstr1,hypo,hypo_2,Sstr_hypo_2_S90,Sstr-2_S90,12024518,75.0442,3.1384,21.8174,no
stramoniifolium,Sstr1,hypo,hypo_3,Sstr_hypo_3_S91,Sstr-3_S91,13032020,86.7381,2.5913,10.6706,no
torvum,Stor1,apices,apices_1,Stor1_apices_1_S37,Stor1-1_S37,17054431,56.691,7.1545,36.1545,no
torvum,Stor1,apices,apices_2,Stor1_apices_3_S36,Stor1-3_S36,24923563,68.7615,5.6738,25.5646,no
torvum,Stor1,coty,coty_1,Stor_coty_1_S33,Stor-1_S33,16893353,83.6124,5.4778,10.9098,no
torvum,Stor1,coty,coty_2,Stor_coty_2_S34,Stor-2_S34,13360031,87.05,4.6657,8.2843,no
torvum,Stor1,coty,coty_3,Stor_coty_3_S35,Stor-3_S35,13596746,88.3683,4.2306,7.4012,no
torvum,Stor1,coty,coty_4,Stor_coty_4_S36,Stor-4_S36,13108270,86.0198,4.4003,9.5799,no
torvum,Stor1,In,In_1,Stor_flow_1_S37,Stor-1_S37,19218854,86.3046,2.4253,11.2701,no
torvum,Stor1,In,In_2,Stor_flow_2_S38,Stor-2_S38,10652830,84.8478,2.4781,12.6742,no
torvum,Stor1,In,In_3,Stor_flow_3_S39,Stor-3_S39,14627627,87.3243,2.233,10.4427,no
torvum,Stor1,In,In_4,Stor_flow_4_S40,Stor-4_S40,16457026,89.1077,2.4023,8.49,no
torvum,Stor1,hypo,hypo_1,Stor_hypo_1_S81,Stor-1_S81,14083623,88.4599,2.0484,9.4917,no
torvum,Stor1,hypo,hypo_2,Stor_hypo_2_S82,Stor-2_S82,12753070,89.1003,1.9887,8.911,no
torvum,Stor1,hypo,hypo_3,Stor_hypo_3_S83,Stor-3_S83,5378178,51.9907,2.4578,45.5515,yes
torvum,Stor1,hypo,hypo_4,Stor_hypo_4_S84,Stor-4_S84,13661464,83.074,2.0133,14.9127,no
violaceum,Svio1,apices,apices_1,Sang7_apices_1_S7,Sang7-1_S7,33166039,86.8388,3.3512,9.81,no
violaceum,Svio1,apices,apices_2,Sang7_apices_2_S8,Sang7-2_S8,34298969,87.2495,3.2066,9.5439,no
violaceum,Svio1,apices,apices_3,Sang7_apices_3_S9,Sang7-3_S9,36259049,86.5444,3.8723,9.5833,no